<?xml version="1.0" encoding="UTF-8"?><idempiere Name="2Pack_1.0.0" Version="1.0.0" idempiereVersion="" DataBaseVersion="" Description="" Author="" AuthorEmail="" CreatedDate="2022-01-20 19:26:05.525" UpdatedDate="2022-01-20 19:26:05.525" PackOutVersion="100" UpdateDictionary="false" Client="0-SYSTEM-System" AD_Client_UU="11237b53-9592-4af1-b3c5-afd216514b5d">
    <AD_EntityType type="table">
        <AD_Client_ID>0</AD_Client_ID>
        <AD_Org_ID>0</AD_Org_ID>
        <EntityType>BAY</EntityType>
        <AD_Org_ID reference="id">0</AD_Org_ID>
        <IsActive>Y</IsActive>
        <Name>FreiBier</Name>
        <Description>Implementation from BX Service/Thomas Bayen for FreiBier, German/European localization and more</Description>
        <Help/>
        <Version/>
        <ModelPackage/>
        <Classpath/>
        <Processing>N</Processing>
        <AD_EntityType_UU>ea7c6bae-5992-4f08-8777-c264078da40f</AD_EntityType_UU>
    </AD_EntityType>
    <AD_Message type="table">
        <AD_Client_ID>0</AD_Client_ID>
        <AD_Org_ID>0</AD_Org_ID>
        <MsgType>E</MsgType>
        <MsgText>Bank Not Found: Account={0}, Routing={1}</MsgText>
        <MsgTip/>
        <AD_Org_ID reference="id">0</AD_Org_ID>
        <IsActive>Y</IsActive>
        <Value>BXS_BankNotFound</Value>
        <EntityType>BAY</EntityType>
        <AD_Message_UU>27893327-2646-4896-bbc0-eee0f1eb7c53</AD_Message_UU>
        <AD_Message_Trl type="translation">
            <MsgText>Bankkonto nicht gefunden: Konto-Nr.={0}, BLZ={1}</MsgText>
            <MsgTip/>
            <AD_Language>de_DE</AD_Language>
            <IsActive>Y</IsActive>
            <IsTranslated>Y</IsTranslated>
        </AD_Message_Trl>
    </AD_Message>
    <AD_Message type="table">
        <AD_Client_ID>0</AD_Client_ID>
        <AD_Org_ID>0</AD_Org_ID>
        <MsgType>E</MsgType>
        <MsgText>The Umsatz_Id {0} is already loaded in I_BankStatementLine</MsgText>
        <MsgTip/>
        <AD_Org_ID reference="id">0</AD_Org_ID>
        <IsActive>Y</IsActive>
        <Value>BXS_UmsatzIdAlreadyInImport</Value>
        <EntityType>BAY</EntityType>
        <AD_Message_UU>c8e4b06b-e432-44e7-a9c1-386468211880</AD_Message_UU>
        <AD_Message_Trl type="translation">
            <MsgText>Die Umsatz_Id {0} ist bereits in I_BankStatementLine geladen</MsgText>
            <MsgTip/>
            <AD_Language>de_DE</AD_Language>
            <IsActive>Y</IsActive>
            <IsTranslated>Y</IsTranslated>
        </AD_Message_Trl>
    </AD_Message>
    <AD_Message type="table">
        <AD_Client_ID>0</AD_Client_ID>
        <AD_Org_ID>0</AD_Org_ID>
        <MsgType>E</MsgType>
        <MsgText>The Umsatz_Id {0} is already loaded in Bank Statement {1}</MsgText>
        <MsgTip/>
        <AD_Org_ID reference="id">0</AD_Org_ID>
        <IsActive>Y</IsActive>
        <Value>BXS_UmsatzIdAlreadyInStatement</Value>
        <EntityType>BAY</EntityType>
        <AD_Message_UU>8b8b98c8-1d01-40f3-8704-16663ad0b942</AD_Message_UU>
        <AD_Message_Trl type="translation">
            <MsgText>Die Umsatz_Id {0} ist bereits im Kontoauszug {1} geladen</MsgText>
            <MsgTip/>
            <AD_Language>de_DE</AD_Language>
            <IsActive>Y</IsActive>
            <IsTranslated>Y</IsTranslated>
        </AD_Message_Trl>
    </AD_Message>
    <AD_Message type="table">
        <AD_Client_ID>0</AD_Client_ID>
        <AD_Org_ID>0</AD_Org_ID>
        <MsgType>I</MsgType>
        <MsgText>The checksum for the Umsatz_Id {0} doesn't match: calculated={1}, expected={2}</MsgText>
        <MsgTip/>
        <AD_Org_ID reference="id">0</AD_Org_ID>
        <IsActive>Y</IsActive>
        <Value>BXS_UmsatzIdNoMatchChecksum</Value>
        <EntityType>BAY</EntityType>
        <AD_Message_UU>345e1a72-5051-45a0-846d-60dd9038e1f8</AD_Message_UU>
        <AD_Message_Trl type="translation">
            <MsgText>Die Prüfsumme für die Umsatz_Id {0} stimmt nicht überein: berechnet={1}, erwartet={2}</MsgText>
            <MsgTip/>
            <AD_Language>de_DE</AD_Language>
            <IsActive>Y</IsActive>
            <IsTranslated>Y</IsTranslated>
        </AD_Message_Trl>
    </AD_Message>
    <AD_Message type="table">
        <AD_Client_ID>0</AD_Client_ID>
        <AD_Org_ID>0</AD_Org_ID>
        <MsgType>E</MsgType>
        <MsgText>The following {0,choice,1#line is|1&lt;lines are} not matched: {1}</MsgText>
        <MsgTip/>
        <AD_Org_ID reference="id">0</AD_Org_ID>
        <IsActive>Y</IsActive>
        <Value>BXS_LineMustBeMatched</Value>
        <EntityType>BAY</EntityType>
        <AD_Message_UU>b8b1048c-8927-43ee-976c-4e9b6ab342d2</AD_Message_UU>
        <AD_Message_Trl type="translation">
            <MsgText>Die {0,choice,1#folgende Position ist|1&lt;folgenden Positionen sind} nicht abgeglichen: {1}</MsgText>
            <MsgTip/>
            <AD_Language>de_DE</AD_Language>
            <IsActive>Y</IsActive>
            <IsTranslated>Y</IsTranslated>
        </AD_Message_Trl>
    </AD_Message>
    <AD_Message type="table">
        <AD_Client_ID>0</AD_Client_ID>
        <AD_Org_ID>0</AD_Org_ID>
        <MsgType>E</MsgType>
        <MsgText>The following {0,choice,1#line has|1&lt;lines have} invoice but no payment: {1}</MsgText>
        <MsgTip/>
        <AD_Org_ID reference="id">0</AD_Org_ID>
        <IsActive>Y</IsActive>
        <Value>BXS_LineMustMatchPayment</Value>
        <EntityType>BAY</EntityType>
        <AD_Message_UU>21817991-6e6f-461e-ac11-b808f4f8236e</AD_Message_UU>
        <AD_Message_Trl type="translation">
            <MsgText>Die {0,choice,1#folgende Position hat|1&lt;folgenden Positionen haben} eine Rechnung, aber keine Zahlung: {1}</MsgText>
            <MsgTip/>
            <AD_Language>de_DE</AD_Language>
            <IsActive>Y</IsActive>
            <IsTranslated>Y</IsTranslated>
        </AD_Message_Trl>
    </AD_Message>
</idempiere>
