<?xml version="1.0" encoding="UTF-8"?><idempiere Name="2Pack_1.0.1" Version="1.0.1" idempiereVersion="" DataBaseVersion="" Description="" Author="" AuthorEmail="" CreatedDate="2024-08-12 17:54:16.542" UpdatedDate="2024-08-12 22:25:03.359" PackOutVersion="100" UpdateDictionary="false" Client="0-SYSTEM-System" AD_Client_UU="11237b53-9592-4af1-b3c5-afd216514b5d">
    <AD_Menu type="table">
        <Parent_ID reference="id">163</Parent_ID>
        <SeqNo>18</SeqNo>
        <AD_Client_ID>0</AD_Client_ID>
        <AD_Org_ID>0</AD_Org_ID>
        <Name>Load, Import and Process Bank Statement</Name>
        <Description>Load, Import and Process Bank Statement</Description>
        <Action>P</Action>
        <AD_Window_ID reference="id"/>
        <AD_Workflow_ID reference="id"/>
        <AD_Task_ID reference="id"/>
        <IsActive>Y</IsActive>
        <IsSummary>N</IsSummary>
        <AD_Process_ID reference="uuid" reference-key="AD_Process">dbb159a4-be31-42cb-a03f-e8efda0ca0ee</AD_Process_ID>
        <IsSOTrx>Y</IsSOTrx>
        <AD_Form_ID reference="id"/>
        <IsReadOnly>N</IsReadOnly>
        <EntityType>BAY</EntityType>
        <IsCentrallyMaintained>Y</IsCentrallyMaintained>
        <AD_Menu_UU>f5479553-abc6-4cee-a1fb-122196a48a4f</AD_Menu_UU>
        <AD_InfoWindow_ID reference="id"/>
        <PredefinedContextVariables/>
        <AD_Menu_Trl type="translation">
            <Description>Kontoauszug laden, import, abgleichen und Zahlung generieren</Description>
            <Name>Kontoauszug laden, import, abgleichen und Zahlung generieren</Name>
            <AD_Language>de_DE</AD_Language>
            <IsActive>Y</IsActive>
            <IsTranslated>Y</IsTranslated>
        </AD_Menu_Trl>
        <AD_Menu_Trl type="translation">
            <Description>Load, Import and Process Bank Statement</Description>
            <Name>Load, Import and Process Bank Statement</Name>
            <AD_Language>en_US</AD_Language>
            <IsActive>Y</IsActive>
            <IsTranslated>N</IsTranslated>
        </AD_Menu_Trl>
        <AD_Process type="table">
            <AD_Client_ID>0</AD_Client_ID>
            <AD_Org_ID>0</AD_Org_ID>
            <IsActive>Y</IsActive>
            <Name>Load, Import and Process Bank Statement</Name>
            <Description>Load, Import and Process Bank Statement</Description>
            <Help>Load the bank statement into the import table, then move it to the bank statement window, then try the matches and process the payments.</Help>
            <ProcedureName/>
            <IsReport>N</IsReport>
            <Value>Load_Import_Process_BankStatement</Value>
            <IsDirectPrint>N</IsDirectPrint>
            <AD_ReportView_ID reference="id"/>
            <Classname>de.bxservice.hibiscus.LoadImportProcessBankStatement</Classname>
            <AccessLevel>1</AccessLevel>
            <EntityType>BAY</EntityType>
            <Statistic_Count>10</Statistic_Count>
            <Statistic_Seconds>10</Statistic_Seconds>
            <AD_PrintFormat_ID reference="id"/>
            <WorkflowValue/>
            <AD_Workflow_ID reference="id"/>
            <IsBetaFunctionality>N</IsBetaFunctionality>
            <ShowHelp>Y</ShowHelp>
            <JasperReport/>
            <AD_Form_ID reference="id"/>
            <CopyFromProcess/>
            <AD_Process_UU>dbb159a4-be31-42cb-a03f-e8efda0ca0ee</AD_Process_UU>
            <AD_CtxHelp_ID reference="id"/>
            <ExecutionType/>
            <AllowMultipleExecution>P</AllowMultipleExecution>
            <FileNamePattern/>
            <AD_Process_Trl type="translation">
                <Description>Kontoauszug laden, import, abgleichen und Zahlung generieren</Description>
                <Help/>
                <Name>Kontoauszug laden, import, abgleichen und Zahlung generieren</Name>
                <AD_Language>de_DE</AD_Language>
                <IsActive>Y</IsActive>
                <IsTranslated>Y</IsTranslated>
            </AD_Process_Trl>
            <AD_Process_Trl type="translation">
                <Description>Load, Import and Process Bank Statement</Description>
                <Help>Load the bank statement into the import table, then move it to the bank statement window, then try the matches and process the payments.</Help>
                <Name>Load, Import and Process Bank Statement</Name>
                <AD_Language>en_US</AD_Language>
                <IsActive>Y</IsActive>
                <IsTranslated>N</IsTranslated>
            </AD_Process_Trl>
            <AD_Process_Para type="table">
                <AD_Client_ID>0</AD_Client_ID>
                <AD_Org_ID>0</AD_Org_ID>
                <IsActive>Y</IsActive>
                <Name>Bank Statement Loader</Name>
                <Description>Definition of Bank Statement Loader (SWIFT, OFX)</Description>
                <Help>The loader definition provides the parameters to load bank statements from EFT formats like SWIFT (MT940) or OFX</Help>
                <AD_Process_ID reference="uuid" reference-key="AD_Process">dbb159a4-be31-42cb-a03f-e8efda0ca0ee</AD_Process_ID>
                <SeqNo>10</SeqNo>
                <AD_Reference_ID reference="id">19</AD_Reference_ID>
                <AD_Reference_Value_ID reference="id"/>
                <IsRange>N</IsRange>
                <AD_Val_Rule_ID reference="id"/>
                <FieldLength>0</FieldLength>
                <IsMandatory>Y</IsMandatory>
                <DefaultValue/>
                <VFormat/>
                <ValueMin/>
                <ValueMax/>
                <ColumnName>C_BankStatementLoader_ID</ColumnName>
                <DefaultValue2/>
                <IsCentrallyMaintained>Y</IsCentrallyMaintained>
                <EntityType>BAY</EntityType>
                <AD_Element_ID reference="id">2283</AD_Element_ID>
                <ReadOnlyLogic/>
                <DisplayLogic/>
                <AD_Process_Para_UU>617d6335-45c3-4a23-b084-031f878661cf</AD_Process_Para_UU>
                <IsEncrypted>N</IsEncrypted>
                <MandatoryLogic/>
                <Query/>
                <AD_FieldGroup_ID reference="id"/>
                <Placeholder/>
                <Placeholder2/>
                <IsAutocomplete>N</IsAutocomplete>
                <DateRangeOption>D</DateRangeOption>
                <IsShowNegateButton>N</IsShowNegateButton>
                <AD_Process_Para_Trl type="translation">
                    <Description>Definition des Ladeprogramms für den Kontoauszug (SWIFT, OFX).</Description>
                    <Help>Die Definition des Ladeprogramms beinhaltet die erforderlichen Parameter um Kontoauszüge aus EZV-Formaten wie SWIFT (MT940) oder OFX zu laden.</Help>
                    <Name>Ladeprogramm Bankauszug</Name>
                    <Placeholder/>
                    <Placeholder2/>
                    <AD_Language>de_DE</AD_Language>
                    <IsActive>Y</IsActive>
                    <IsTranslated>Y</IsTranslated>
                </AD_Process_Para_Trl>
                <AD_Process_Para_Trl type="translation">
                    <Description>Definition of Bank Statement Loader (SWIFT, OFX)</Description>
                    <Help>The loader definition provides the parameters to load bank statements from EFT formats like SWIFT (MT940) or OFX</Help>
                    <Name>Bank Statement Loader</Name>
                    <Placeholder/>
                    <Placeholder2/>
                    <AD_Language>en_US</AD_Language>
                    <IsActive>Y</IsActive>
                    <IsTranslated>N</IsTranslated>
                </AD_Process_Para_Trl>
            </AD_Process_Para>
            <AD_Process_Para type="table">
                <AD_Client_ID>0</AD_Client_ID>
                <AD_Org_ID>0</AD_Org_ID>
                <IsActive>Y</IsActive>
                <Name>File Name</Name>
                <Description>Name of the local file or URL</Description>
                <Help>Name of a file in the local directory space - or URL (file://.., http://.., ftp://..)</Help>
                <AD_Process_ID reference="uuid" reference-key="AD_Process">dbb159a4-be31-42cb-a03f-e8efda0ca0ee</AD_Process_ID>
                <SeqNo>20</SeqNo>
                <AD_Reference_ID reference="id">39</AD_Reference_ID>
                <AD_Reference_Value_ID reference="id"/>
                <IsRange>N</IsRange>
                <AD_Val_Rule_ID reference="id"/>
                <FieldLength>0</FieldLength>
                <IsMandatory>N</IsMandatory>
                <DefaultValue/>
                <VFormat/>
                <ValueMin/>
                <ValueMax/>
                <ColumnName>FileName</ColumnName>
                <DefaultValue2/>
                <IsCentrallyMaintained>Y</IsCentrallyMaintained>
                <EntityType>BAY</EntityType>
                <AD_Element_ID reference="id">2295</AD_Element_ID>
                <ReadOnlyLogic/>
                <DisplayLogic/>
                <AD_Process_Para_UU>5225a83b-1826-4c81-b7d6-707f06d42cba</AD_Process_Para_UU>
                <IsEncrypted>N</IsEncrypted>
                <MandatoryLogic/>
                <Query/>
                <AD_FieldGroup_ID reference="id"/>
                <Placeholder/>
                <Placeholder2/>
                <IsAutocomplete>N</IsAutocomplete>
                <DateRangeOption>D</DateRangeOption>
                <IsShowNegateButton>N</IsShowNegateButton>
                <AD_Process_Para_Trl type="translation">
                    <Description>Name der lokalen Datei oder URL.</Description>
                    <Help>Name der Datei im lokalen Verzeichnis oder URL (file://.., http://.., ftp://..).</Help>
                    <Name>Dateiname</Name>
                    <Placeholder/>
                    <Placeholder2/>
                    <AD_Language>de_DE</AD_Language>
                    <IsActive>Y</IsActive>
                    <IsTranslated>Y</IsTranslated>
                </AD_Process_Para_Trl>
                <AD_Process_Para_Trl type="translation">
                    <Description>Name of the local file or URL</Description>
                    <Help>Name of a file in the local directory space - or URL (file://.., http://.., ftp://..)</Help>
                    <Name>File Name</Name>
                    <Placeholder/>
                    <Placeholder2/>
                    <AD_Language>en_US</AD_Language>
                    <IsActive>Y</IsActive>
                    <IsTranslated>N</IsTranslated>
                </AD_Process_Para_Trl>
            </AD_Process_Para>
            <AD_Element type="table">
                <AD_Client_ID>0</AD_Client_ID>
                <AD_Org_ID>0</AD_Org_ID>
                <IsActive>Y</IsActive>
                <ColumnName>BAY_IsMatchBS</ColumnName>
                <Name>Match Bank Statement</Name>
                <Description/>
                <Help/>
                <PrintName>Match Bank Statement</PrintName>
                <PO_Description/>
                <PO_Help/>
                <PO_Name/>
                <PO_PrintName/>
                <EntityType>BAY</EntityType>
                <AD_Element_UU>e1f2b768-70ec-48ab-9aa5-7cdaaad011ed</AD_Element_UU>
                <Placeholder/>
                <AD_Element_Trl type="translation">
                    <Description/>
                    <Help/>
                    <Name>Kontoauszugdaten abgleichen</Name>
                    <Placeholder/>
                    <PO_Description/>
                    <PO_Help/>
                    <PO_Name/>
                    <PO_PrintName/>
                    <PrintName>Kontoauszugdaten abgleichen</PrintName>
                    <AD_Language>de_DE</AD_Language>
                    <IsActive>Y</IsActive>
                    <IsTranslated>Y</IsTranslated>
                </AD_Element_Trl>
                <AD_Element_Trl type="translation">
                    <Description/>
                    <Help/>
                    <Name>Match Bank Statement</Name>
                    <Placeholder/>
                    <PO_Description/>
                    <PO_Help/>
                    <PO_Name/>
                    <PO_PrintName/>
                    <PrintName>Match Bank Statement</PrintName>
                    <AD_Language>en_US</AD_Language>
                    <IsActive>Y</IsActive>
                    <IsTranslated>Y</IsTranslated>
                </AD_Element_Trl>
            </AD_Element>
            <AD_Process_Para type="table">
                <AD_Client_ID>0</AD_Client_ID>
                <AD_Org_ID>0</AD_Org_ID>
                <IsActive>Y</IsActive>
                <Name>Match Bank Statement</Name>
                <Description/>
                <Help/>
                <AD_Process_ID reference="uuid" reference-key="AD_Process">dbb159a4-be31-42cb-a03f-e8efda0ca0ee</AD_Process_ID>
                <SeqNo>30</SeqNo>
                <AD_Reference_ID reference="id">20</AD_Reference_ID>
                <AD_Reference_Value_ID reference="id"/>
                <IsRange>N</IsRange>
                <AD_Val_Rule_ID reference="id"/>
                <FieldLength>1</FieldLength>
                <IsMandatory>Y</IsMandatory>
                <DefaultValue>Y</DefaultValue>
                <VFormat/>
                <ValueMin/>
                <ValueMax/>
                <ColumnName>BAY_IsMatchBS</ColumnName>
                <DefaultValue2/>
                <IsCentrallyMaintained>Y</IsCentrallyMaintained>
                <EntityType>BAY</EntityType>
                <AD_Element_ID reference="uuid" reference-key="AD_Element">e1f2b768-70ec-48ab-9aa5-7cdaaad011ed</AD_Element_ID>
                <ReadOnlyLogic/>
                <DisplayLogic/>
                <AD_Process_Para_UU>986ecac2-a1d7-4762-bd06-b6bf8aab111e</AD_Process_Para_UU>
                <IsEncrypted>N</IsEncrypted>
                <MandatoryLogic/>
                <Query/>
                <AD_FieldGroup_ID reference="id"/>
                <Placeholder/>
                <Placeholder2/>
                <IsAutocomplete>N</IsAutocomplete>
                <DateRangeOption>D</DateRangeOption>
                <IsShowNegateButton>N</IsShowNegateButton>
                <AD_Process_Para_Trl type="translation">
                    <Description/>
                    <Help/>
                    <Name>Kontoauszugdaten abgleichen</Name>
                    <Placeholder/>
                    <Placeholder2/>
                    <AD_Language>de_DE</AD_Language>
                    <IsActive>Y</IsActive>
                    <IsTranslated>Y</IsTranslated>
                </AD_Process_Para_Trl>
                <AD_Process_Para_Trl type="translation">
                    <Description/>
                    <Help/>
                    <Name>Match Bank Statement</Name>
                    <Placeholder/>
                    <Placeholder2/>
                    <AD_Language>en_US</AD_Language>
                    <IsActive>Y</IsActive>
                    <IsTranslated>Y</IsTranslated>
                </AD_Process_Para_Trl>
            </AD_Process_Para>
            <AD_Element type="table">
                <AD_Client_ID>0</AD_Client_ID>
                <AD_Org_ID>0</AD_Org_ID>
                <IsActive>Y</IsActive>
                <ColumnName>BAY_IsCreatePaymentsBS</ColumnName>
                <Name>Create Payments from Bank Statement</Name>
                <Description/>
                <Help/>
                <PrintName>Create Payments from Bank Statement</PrintName>
                <PO_Description/>
                <PO_Help/>
                <PO_Name/>
                <PO_PrintName/>
                <EntityType>BAY</EntityType>
                <AD_Element_UU>f0cfb149-6677-4f3f-ae95-97b6946f46c2</AD_Element_UU>
                <Placeholder/>
                <AD_Element_Trl type="translation">
                    <Description/>
                    <Help/>
                    <Name>Zahlung generieren</Name>
                    <Placeholder/>
                    <PO_Description/>
                    <PO_Help/>
                    <PO_Name/>
                    <PO_PrintName/>
                    <PrintName>Zahlung generieren</PrintName>
                    <AD_Language>de_DE</AD_Language>
                    <IsActive>Y</IsActive>
                    <IsTranslated>Y</IsTranslated>
                </AD_Element_Trl>
                <AD_Element_Trl type="translation">
                    <Description/>
                    <Help/>
                    <Name>Create Payments from Bank Statement</Name>
                    <Placeholder/>
                    <PO_Description/>
                    <PO_Help/>
                    <PO_Name/>
                    <PO_PrintName/>
                    <PrintName>Create Payments from Bank Statement</PrintName>
                    <AD_Language>en_US</AD_Language>
                    <IsActive>Y</IsActive>
                    <IsTranslated>Y</IsTranslated>
                </AD_Element_Trl>
            </AD_Element>
            <AD_Process_Para type="table">
                <AD_Client_ID>0</AD_Client_ID>
                <AD_Org_ID>0</AD_Org_ID>
                <IsActive>Y</IsActive>
                <Name>Create Payments from Bank Statement</Name>
                <Description/>
                <Help/>
                <AD_Process_ID reference="uuid" reference-key="AD_Process">dbb159a4-be31-42cb-a03f-e8efda0ca0ee</AD_Process_ID>
                <SeqNo>40</SeqNo>
                <AD_Reference_ID reference="id">20</AD_Reference_ID>
                <AD_Reference_Value_ID reference="id"/>
                <IsRange>N</IsRange>
                <AD_Val_Rule_ID reference="id"/>
                <FieldLength>1</FieldLength>
                <IsMandatory>Y</IsMandatory>
                <DefaultValue>Y</DefaultValue>
                <VFormat/>
                <ValueMin/>
                <ValueMax/>
                <ColumnName>BAY_IsCreatePaymentsBS</ColumnName>
                <DefaultValue2/>
                <IsCentrallyMaintained>Y</IsCentrallyMaintained>
                <EntityType>BAY</EntityType>
                <AD_Element_ID reference="uuid" reference-key="AD_Element">f0cfb149-6677-4f3f-ae95-97b6946f46c2</AD_Element_ID>
                <ReadOnlyLogic/>
                <DisplayLogic>@BAY_IsMatchBS@=Y</DisplayLogic>
                <AD_Process_Para_UU>d8a44539-2a4c-4470-a610-6809ba11e4cd</AD_Process_Para_UU>
                <IsEncrypted>N</IsEncrypted>
                <MandatoryLogic/>
                <Query/>
                <AD_FieldGroup_ID reference="id"/>
                <Placeholder/>
                <Placeholder2/>
                <IsAutocomplete>N</IsAutocomplete>
                <DateRangeOption>D</DateRangeOption>
                <IsShowNegateButton>N</IsShowNegateButton>
                <AD_Process_Para_Trl type="translation">
                    <Description/>
                    <Help/>
                    <Name>Zahlung generieren</Name>
                    <Placeholder/>
                    <Placeholder2/>
                    <AD_Language>de_DE</AD_Language>
                    <IsActive>Y</IsActive>
                    <IsTranslated>Y</IsTranslated>
                </AD_Process_Para_Trl>
                <AD_Process_Para_Trl type="translation">
                    <Description/>
                    <Help/>
                    <Name>Create Payments from Bank Statement</Name>
                    <Placeholder/>
                    <Placeholder2/>
                    <AD_Language>en_US</AD_Language>
                    <IsActive>Y</IsActive>
                    <IsTranslated>Y</IsTranslated>
                </AD_Process_Para_Trl>
            </AD_Process_Para>
        </AD_Process>
    </AD_Menu>
</idempiere>
